<?xml version="1.0" encoding="UTF-8"?>
<project name="H2W_BXIE_POST_PRV" mainModule="Main" version="2.0" logLevel="verbose">
	<variable name="baseDir_ProveedorFTP" value="/PROVEEDORES/" />
	<variable name="rutaBXIE_Proveedor" value="/BXIE/PROVEEDOR/" />
	<variable name="formato_fecha_hora" value="yyyy-MM-dd HH:mm:ss" />
	<variable name="minHoraInicio" value="07:00:00" />
	<variable name="maxHoraInicio" value="20:00:00" />

	<module name="Main">

		<setVariable label="minHora Rango" name="minHoraRango" value="${ReformatDateTime(minHoraInicio, &apos;hh:mm:ss&apos;, &apos;HH:mm:ss&apos;)}" version="2.0" />


		<setVariable label="maxHora Rango" name="maxHoraRango" value="${ReformatDateTime(maxHoraInicio, &apos;HH:mm:ss&apos;, &apos;HH:mm:ss&apos;)}" version="2.0" />


		<timestamp version="1.0">
			<format outputVariable="endTime" pattern="${formato_fecha_hora}" />
			<format outputVariable="startTime" pattern="${formato_fecha_hora}" minute="-5" />
			<format outputVariable="horaActual" pattern="HH:mm:ss" />
		</timestamp>


		<print label="Print RangoFecha" version="1.0">
			<![CDATA[fechaInicio: ${startTime} ,fecha fin: ${endTime}
HoraActual: ${horaActual}]]>
		</print>

		<if label="Cumple rangoHorario" condition="${(horaActual &gt;= minHoraRango) &amp;&amp; (horaActual &lt;= maxHoraRango)}">

			<sftp label="SFTP ObtenerDirectorios Proveedor" resourceId="SFTP Calidad" version="1.0" disabled="false" onError="continue">
				<list label="ListDir_Input_Proveedor" fileListVariable="dirInputProv" numFilesFoundVariable="dirCountProv">
					<fileset dir="${baseDir_ProveedorFTP}" recursive="false" includeItems="directories" />
				</list>
			</sftp>


			<print version="1.0">
				<![CDATA[NroDir Proveedores: ${dirCountProv}]]>
			</print>

			<forEachLoop label="For Directorios Proveedor" itemsVariable="${dirInputProv}" currentItemVariable="current_dir_proveedor">

				<setVariable label="InputProv Actual" name="inputProvActual" value="${current_dir_proveedor}/INPUT/" version="1.0" />


				<setVariable label="OutputProv Actual" name="outputProvActual" value="${current_dir_proveedor}/OUTPUT/" version="1.0" />


				<sftp label="SFTP ObtenerArchivos Prov" resourceId="SFTP Calidad" version="1.0" disabled="false" onError="continue">
					<list label="ListInput_Proveedor" fileListVariable="filesInputProv" numFilesFoundVariable="fileCountProv">
						<fileset dir="${inputProvActual}" includeItems="files">
							<wildcardFilter>
								<include pattern="H2W_PRV_*" caseSensitive="true" />
							</wildcardFilter>
							<dateFilter>
								<include from="${startTime}" to="${endTime}" />
							</dateFilter>
						</fileset>
					</list>
					<get label="GetFiles Proveedor" sourceFilesVariable="${filesInputProv}" destinationDir="${rutaBXIE_Proveedor}" whenFileExists="overwrite" />
					<delete label="Borrar del FTP Prov" inputFilesVariable="${filesInputProv}" />
				</sftp>

			</forEachLoop>

			<createFileList label="List FilesProv" fileListVariable="filesProveedores" version="1.0">
				<fileset dir="${rutaBXIE_Proveedor}" includeItems="files">
					<wildcardFilter>
						<include pattern="H2W_PRV*" />
					</wildcardFilter>
				</fileset>
			</createFileList>


			<copy label="Copiar Proveedor a BXIE" sourceFilesVariable="${filesProveedores}" destDir="resource:sftp://Share_BIF3BPIPJ14/files/15052-H2W" version="1.0" />

			<forEachLoop label="Por CadaArchivo Prov" itemsVariable="${filesProveedores}" currentItemVariable="current_file_prov" disabled="false">

				<checksum label="chekSum Prov" sourceFile="${concat(rutaBXIE_Proveedor, current_file_prov:name)}" checksumAlgorithm="MD5" checksumFormat="Hex" checksumVariable="file_checksum_prov" version="1.0" disabled="false" />


				<restPost label="Send Provvedor Post" resourceId="Bxie_UAT" uri="/DCIBS_BIFNET/servlet/com.datapro.dibs.servlets.hostToWeb.JsHostToWebProveedor" responseBodyFile="${concat(rutaBXIE_Proveedor,&apos;RESP_&apos;,current_file_prov:name)}" whenResponseBodyFileExists="overwrite" version="1.0" disabled="false">
					<content>{
&quot;nombreArchivo&quot; : ${current_file_prov:name},
&quot;checksumArchivo&quot; : ${file_checksum_prov}
}</content>
					<header name="canal" value="HOST_TO_WEB" />
				</restPost>


				<setVariable label="Path RespProv" name="pathRespProv" value="${concat(rutaBXIE_Proveedor,&apos;RESP_&apos;,current_file_prov:name)}" version="2.0" />

				<if label="Existe RespProv" condition="${FileExists(pathRespProv)}">

					<sftp label="Crear archivo RespProveedor" resourceId="SFTP Calidad" version="1.0">
						<put sourceFile="${pathRespProv}" destinationDir="${outputProvActual}" />
					</sftp>


					<delete label="Borrar RespProv Local" file="${pathRespProv}" version="1.0" />

				</if>
			</forEachLoop>

			<delete label="Borrar Archivos Proveedor" inputFilesVariable="${filesProveedores}" version="1.0" />

			<else>

				<print version="1.0">
					<![CDATA[----------------> H2W PROVEEDOR HORARIO FUERA DE RANGO <----------------]]>
				</print>

			</else>
		</if>
	</module>

</project>
